{"yesterday": {"诺亚(单恩浩)": {"dgmv": 150787.9099999999, "active_sellers": 69.0, "orders": 2182.0, "_prev": {"dgmv": 177186.98, "active_sellers": 64.0, "orders": 2584.0}}, "大门(朱锦程)": {"dgmv": 131454.53999999995, "active_sellers": 85.0, "orders": 1954.0, "_prev": {"dgmv": 101000.02999999991, "active_sellers": 75.0, "orders": 1950.0}}, "蕾塞(张嘉悦)": {"dgmv": 63765.590000000026, "active_sellers": 66.0, "orders": 783.0, "_prev": {"dgmv": 111088.31000000001, "active_sellers": 66.0, "orders": 1314.0}}, "路歌(李红红)": {"dgmv": 57513.69000000001, "active_sellers": 42.0, "orders": 896.0, "_prev": {"dgmv": 86253.39999999995, "active_sellers": 51.0, "orders": 1571.0}}, "莱拉(付艺迪)": {"dgmv": 52354.360000000015, "active_sellers": 54.0, "orders": 801.0, "_prev": {"dgmv": 166752.00999999992, "active_sellers": 80.0, "orders": 1908.0}}, "秋罗(胡春秋)": {"dgmv": 48379.48000000002, "active_sellers": 51.0, "orders": 402.0, "_prev": {"dgmv": 170140.62, "active_sellers": 59.0, "orders": 1267.0}}, "全组": {"dgmv": 504255.5699999999, "active_sellers": 367.0, "orders": 7018.0, "_prev": {"dgmv": 812421.3499999997, "active_sellers": 395.0, "orders": 10594.0}}}, "last_7d": {"秋罗(胡春秋)": {"dgmv": 2991315.3200000003, "active_sellers": 102.0, "orders": 8703.0, "_prev": {"dgmv": 6579400.720000003, "active_sellers": 102.0, "orders": 9621.0}}, "莱拉(付艺迪)": {"dgmv": 1255341.0799999991, "active_sellers": 144.0, "orders": 11805.0, "_prev": {"dgmv": 332207.38999999996, "active_sellers": 127.0, "orders": 5121.0}}, "大门(朱锦程)": {"dgmv": 1191673.9800000004, "active_sellers": 139.0, "orders": 20112.0, "_prev": {"dgmv": 837763.0399999999, "active_sellers": 134.0, "orders": 13257.0}}, "蕾塞(张嘉悦)": {"dgmv": 926142.8400000003, "active_sellers": 128.0, "orders": 10894.0, "_prev": {"dgmv": 362376.8599999997, "active_sellers": 124.0, "orders": 5612.0}}, "诺亚(单恩浩)": {"dgmv": 904757.61, "active_sellers": 110.0, "orders": 16775.0, "_prev": {"dgmv": 584111.5799999994, "active_sellers": 108.0, "orders": 8611.0}}, "路歌(李红红)": {"dgmv": 834778.28, "active_sellers": 87.0, "orders": 14569.0, "_prev": {"dgmv": 518437.37999999995, "active_sellers": 86.0, "orders": 9103.0}}, "全组": {"dgmv": 8104009.110000001, "active_sellers": 710.0, "orders": 82858.0, "_prev": {"dgmv": 9214296.970000003, "active_sellers": 681.0, "orders": 51325.0}}}, "last_14d": {"秋罗(胡春秋)": {"dgmv": 9570716.039999997, "active_sellers": 121.0, "orders": 18324.0, "_prev": {"dgmv": 5768321.200000002, "active_sellers": 116.0, "orders": 24784.0}}, "大门(朱锦程)": {"dgmv": 2029437.0199999998, "active_sellers": 160.0, "orders": 33369.0, "_prev": {"dgmv": 2322434.3799999976, "active_sellers": 161.0, "orders": 36197.0}}, "莱拉(付艺迪)": {"dgmv": 1587548.4699999988, "active_sellers": 170.0, "orders": 16926.0, "_prev": {"dgmv": 1304860.2999999986, "active_sellers": 159.0, "orders": 17060.0}}, "诺亚(单恩浩)": {"dgmv": 1488869.1899999992, "active_sellers": 122.0, "orders": 25386.0, "_prev": {"dgmv": 1334362.0899999985, "active_sellers": 118.0, "orders": 21475.0}}, "路歌(李红红)": {"dgmv": 1353215.6599999997, "active_sellers": 103.0, "orders": 23672.0, "_prev": {"dgmv": 2592565.6200000024, "active_sellers": 115.0, "orders": 38554.0}}, "蕾塞(张嘉悦)": {"dgmv": 1288519.7000000002, "active_sellers": 148.0, "orders": 16506.0, "_prev": {"dgmv": 3267280.5399999977, "active_sellers": 149.0, "orders": 16982.0}}, "全组": {"dgmv": 17318306.079999994, "active_sellers": 824.0, "orders": 134183.0, "_prev": {"dgmv": 16589824.129999997, "active_sellers": 818.0, "orders": 155052.0}}}, "last_30d": {"秋罗(胡春秋)": {"dgmv": 15648237.990000004, "active_sellers": 140.0, "orders": 46193.0, "_prev": {"dgmv": 12983604.050000004, "active_sellers": 136.0, "orders": 56378.0}}, "蕾塞(张嘉悦)": {"dgmv": 4709097.499999995, "active_sellers": 173.0, "orders": 35413.0, "_prev": {"dgmv": 4564911.509999997, "active_sellers": 174.0, "orders": 46417.0}}, "大门(朱锦程)": {"dgmv": 4647840.789999997, "active_sellers": 177.0, "orders": 74344.0, "_prev": {"dgmv": 7847203.9300000025, "active_sellers": 183.0, "orders": 107477.0}}, "路歌(李红红)": {"dgmv": 4292658.970000003, "active_sellers": 125.0, "orders": 67245.0, "_prev": {"dgmv": 3864937.2099999916, "active_sellers": 125.0, "orders": 51524.0}}, "莱拉(付艺迪)": {"dgmv": 3046687.3499999964, "active_sellers": 195.0, "orders": 36565.0, "_prev": {"dgmv": 3844583.689999992, "active_sellers": 206.0, "orders": 43125.0}}, "诺亚(单恩浩)": {"dgmv": 2999482.0599999963, "active_sellers": 135.0, "orders": 49946.0, "_prev": {"dgmv": 3736408.099999999, "active_sellers": 139.0, "orders": 49389.0}}, "全组": {"dgmv": 35344004.65999999, "active_sellers": 945.0, "orders": 309706.0, "_prev": {"dgmv": 36841648.48999999, "active_sellers": 963.0, "orders": 354310.0}}}, "this_month": {"秋罗(胡春秋)": {"dgmv": 10194400.37, "active_sellers": 123.0, "orders": 23048.0, "_prev": {"dgmv": 4431439.719999995, "active_sellers": 123.0, "orders": 29895.0}}, "大门(朱锦程)": {"dgmv": 2149315.6099999994, "active_sellers": 164.0, "orders": 35884.0, "_prev": {"dgmv": 3592374.9899999956, "active_sellers": 166.0, "orders": 53953.0}}, "莱拉(付艺迪)": {"dgmv": 1698105.7999999986, "active_sellers": 176.0, "orders": 18519.0, "_prev": {"dgmv": 2002707.6799999992, "active_sellers": 182.0, "orders": 24694.0}}, "诺亚(单恩浩)": {"dgmv": 1675790.9799999988, "active_sellers": 126.0, "orders": 27911.0, "_prev": {"dgmv": 2115906.679999997, "active_sellers": 127.0, "orders": 27349.0}}, "路歌(李红红)": {"dgmv": 1530387.3699999996, "active_sellers": 109.0, "orders": 26197.0, "_prev": {"dgmv": 2490208.4499999983, "active_sellers": 109.0, "orders": 33410.0}}, "蕾塞(张嘉悦)": {"dgmv": 1378817.77, "active_sellers": 155.0, "orders": 17777.0, "_prev": {"dgmv": 1800611.0300000005, "active_sellers": 157.0, "orders": 21122.0}}, "全组": {"dgmv": 18626817.899999995, "active_sellers": 853.0, "orders": 149336.0, "_prev": {"dgmv": 16433248.549999986, "active_sellers": 864.0, "orders": 190423.0}}}, "this_bimonth": {"秋罗(胡春秋)": {"dgmv": 10194400.37, "active_sellers": 123.0, "orders": 23048.0, "_prev": {"dgmv": 7626916.619999999, "active_sellers": 121.0, "orders": 28980.0}}, "大门(朱锦程)": {"dgmv": 2149315.6099999994, "active_sellers": 164.0, "orders": 35884.0, "_prev": {"dgmv": 3422374.7100000014, "active_sellers": 155.0, "orders": 51274.0}}, "莱拉(付艺迪)": {"dgmv": 1698105.7999999986, "active_sellers": 176.0, "orders": 18519.0, "_prev": {"dgmv": 2360312.3499999996, "active_sellers": 173.0, "orders": 23275.0}}, "诺亚(单恩浩)": {"dgmv": 1675790.9799999988, "active_sellers": 126.0, "orders": 27911.0, "_prev": {"dgmv": 1976425.6799999967, "active_sellers": 125.0, "orders": 27048.0}}, "路歌(李红红)": {"dgmv": 1530387.3699999996, "active_sellers": 109.0, "orders": 26197.0, "_prev": {"dgmv": 2230358.4799999897, "active_sellers": 99.0, "orders": 43900.0}}, "蕾塞(张嘉悦)": {"dgmv": 1378817.77, "active_sellers": 155.0, "orders": 17777.0, "_prev": {"dgmv": 2485013.8899999987, "active_sellers": 153.0, "orders": 22627.0}}, "全组": {"dgmv": 18626817.899999995, "active_sellers": 853.0, "orders": 149336.0, "_prev": {"dgmv": 20101401.729999986, "active_sellers": 826.0, "orders": 197104.0}}}, "last_bimonth": {"秋罗(胡春秋)": {"dgmv": 26190178.779999997, "active_sellers": 155.0, "orders": 109548.0, "_prev": {"dgmv": 29648313.380000006, "active_sellers": 108.0, "orders": 125057.0}}, "大门(朱锦程)": {"dgmv": 14071230.250000004, "active_sellers": 196.0, "orders": 200948.0, "_prev": {"dgmv": 9129820.120000016, "active_sellers": 160.0, "orders": 135033.0}}, "蕾塞(张嘉悦)": {"dgmv": 10455084.239999982, "active_sellers": 203.0, "orders": 87617.0, "_prev": {"dgmv": 11813108.530000003, "active_sellers": 184.0, "orders": 108855.0}}, "路歌(李红红)": {"dgmv": 8988133.20999998, "active_sellers": 140.0, "orders": 138400.0, "_prev": {"dgmv": 5938487.640000009, "active_sellers": 105.0, "orders": 71710.0}}, "莱拉(付艺迪)": {"dgmv": 7645328.939999989, "active_sellers": 223.0, "orders": 85638.0, "_prev": {"dgmv": 9282205.309999999, "active_sellers": 181.0, "orders": 94532.0}}, "诺亚(单恩浩)": {"dgmv": 7306129.35, "active_sellers": 148.0, "orders": 101708.0, "_prev": {"dgmv": 9167111.850000015, "active_sellers": 98.0,