{"yesterday": {"蕾塞(张嘉悦)": {"dgmv": 337237.1, "active_sellers": 75.0, "orders": 1097.0, "_prev": {"dgmv": 99697.40000000001, "active_sellers": 77.0, "orders": 1050.0}}, "秋罗(胡春秋)": {"dgmv": 180371.58, "active_sellers": 53.0, "orders": 1030.0, "_prev": {"dgmv": 573676.26, "active_sellers": 59.0, "orders": 1241.0}}, "大门(朱锦程)": {"dgmv": 114782.05000000005, "active_sellers": 89.0, "orders": 1726.0, "_prev": {"dgmv": 117490.38999999998, "active_sellers": 91.0, "orders": 2056.0}}, "诺亚(单恩浩)": {"dgmv": 67462.04, "active_sellers": 63.0, "orders": 1040.0, "_prev": {"dgmv": 59071.04000000003, "active_sellers": 69.0, "orders": 1200.0}}, "莱拉(付艺迪)": {"dgmv": 52330.29000000003, "active_sellers": 73.0, "orders": 594.0, "_prev": {"dgmv": 182014.65, "active_sellers": 66.0, "orders": 1571.0}}, "路歌(李红红)": {"dgmv": 44844.05000000001, "active_sellers": 41.0, "orders": 826.0, "_prev": {"dgmv": 42864.899999999994, "active_sellers": 43.0, "orders": 860.0}}, "全组": {"dgmv": 797027.1100000001, "active_sellers": 394.0, "orders": 6313.0, "_prev": {"dgmv": 1074814.6400000001, "active_sellers": 405.0, "orders": 7978.0}}}, "last_7d": {"秋罗(胡春秋)": {"dgmv": 3879479.64, "active_sellers": 95.0, "orders": 16302.0, "_prev": {"dgmv": 3117122.689999998, "active_sellers": 95.0, "orders": 9406.0}}, "蕾塞(张嘉悦)": {"dgmv": 1768513.99, "active_sellers": 138.0, "orders": 11322.0, "_prev": {"dgmv": 908996.77, "active_sellers": 129.0, "orders": 11587.0}}, "大门(朱锦程)": {"dgmv": 1295214.7600000002, "active_sellers": 148.0, "orders": 18131.0, "_prev": {"dgmv": 1814199.6300000001, "active_sellers": 145.0, "orders": 27129.0}}, "莱拉(付艺迪)": {"dgmv": 1187773.2799999996, "active_sellers": 134.0, "orders": 9963.0, "_prev": {"dgmv": 1276550.7499999993, "active_sellers": 140.0, "orders": 11180.0}}, "诺亚(单恩浩)": {"dgmv": 768225.3199999996, "active_sellers": 114.0, "orders": 10239.0, "_prev": {"dgmv": 981209.9599999996, "active_sellers": 107.0, "orders": 17756.0}}, "路歌(李红红)": {"dgmv": 389628.61999999994, "active_sellers": 82.0, "orders": 6358.0, "_prev": {"dgmv": 954117.1299999998, "active_sellers": 87.0, "orders": 16154.0}}, "全组": {"dgmv": 9288835.61, "active_sellers": 711.0, "orders": 72315.0, "_prev": {"dgmv": 9052196.929999998, "active_sellers": 703.0, "orders": 93212.0}}}, "last_14d": {"秋罗(胡春秋)": {"dgmv": 6996602.330000003, "active_sellers": 112.0, "orders": 25708.0, "_prev": {"dgmv": 8083849.42, "active_sellers": 116.0, "orders": 17383.0}}, "大门(朱锦程)": {"dgmv": 3109414.3899999987, "active_sellers": 166.0, "orders": 45260.0, "_prev": {"dgmv": 1313866.6699999995, "active_sellers": 156.0, "orders": 21170.0}}, "蕾塞(张嘉悦)": {"dgmv": 2677510.7600000002, "active_sellers": 157.0, "orders": 22909.0, "_prev": {"dgmv": 715459.6599999999, "active_sellers": 148.0, "orders": 9181.0}}, "莱拉(付艺迪)": {"dgmv": 2464324.029999999, "active_sellers": 165.0, "orders": 21143.0, "_prev": {"dgmv": 649761.7400000002, "active_sellers": 157.0, "orders": 9827.0}}, "诺亚(单恩浩)": {"dgmv": 1749435.2799999993, "active_sellers": 119.0, "orders": 27995.0, "_prev": {"dgmv": 938013.6199999996, "active_sellers": 118.0, "orders": 14367.0}}, "路歌(李红红)": {"dgmv": 1343745.7499999993, "active_sellers": 100.0, "orders": 22512.0, "_prev": {"dgmv": 1020077.1699999998, "active_sellers": 104.0, "orders": 16972.0}}, "全组": {"dgmv": 18341032.54, "active_sellers": 819.0, "orders": 165527.0, "_prev": {"dgmv": 12721028.28, "active_sellers": 799.0, "orders": 88900.0}}}, "last_30d": {"秋罗(胡春秋)": {"dgmv": 16270652.079999993, "active_sellers": 137.0, "orders": 47134.0, "_prev": {"dgmv": 9322099.319999995, "active_sellers": 137.0, "orders": 51380.0}}, "大门(朱锦程)": {"dgmv": 4780945.77, "active_sellers": 181.0, "orders": 73280.0, "_prev": {"dgmv": 6130598.64999999, "active_sellers": 178.0, "orders": 92644.0}}, "蕾塞(张嘉悦)": {"dgmv": 3572123.2999999956, "active_sellers": 177.0, "orders": 34028.0, "_prev": {"dgmv": 5548332.53, "active_sellers": 174.0, "orders": 39640.0}}, "路歌(李红红)": {"dgmv": 3484471.460000002, "active_sellers": 121.0, "orders": 56287.0, "_prev": {"dgmv": 4382153.249999997, "active_sellers": 129.0, "orders": 61686.0}}, "莱拉(付艺迪)": {"dgmv": 3275117.280000001, "active_sellers": 195.0, "orders": 33375.0, "_prev": {"dgmv": 3473435.4899999984, "active_sellers": 202.0, "orders": 43331.0}}, "诺亚(单恩浩)": {"dgmv": 3079710.5599999996, "active_sellers": 133.0, "orders": 48849.0, "_prev": {"dgmv": 3254614.519999997, "active_sellers": 137.0, "orders": 45872.0}}, "全组": {"dgmv": 34463020.449999996, "active_sellers": 944.0, "orders": 292953.0, "_prev": {"dgmv": 32111233.759999976, "active_sellers": 957.0, "orders": 334553.0}}}, "this_month": {"秋罗(胡春秋)": {"dgmv": 15080451.75, "active_sellers": 132.0, "orders": 43091.0, "_prev": {"dgmv": 8695077.01, "active_sellers": 136.0, "orders": 48997.0}}, "大门(朱锦程)": {"dgmv": 4423281.059999996, "active_sellers": 181.0, "orders": 66430.0, "_prev": {"dgmv": 5733235.460000003, "active_sellers": 177.0, "orders": 85563.0}}, "蕾塞(张嘉悦)": {"dgmv": 3392970.419999999, "active_sellers": 173.0, "orders": 32090.0, "_prev": {"dgmv": 4951737.879999998, "active_sellers": 172.0, "orders": 36820.0}}, "莱拉(付艺迪)": {"dgmv": 3114085.769999996, "active_sellers": 193.0, "orders": 30970.0, "_prev": {"dgmv": 3190257.719999994, "active_sellers": 201.0, "orders": 40335.0}}, "诺亚(单恩浩)": {"dgmv": 2687448.8999999994, "active_sellers": 131.0, "orders": 42362.0, "_prev": {"dgmv": 3047336.0999999936, "active_sellers": 137.0, "orders": 42897.0}}, "路歌(李红红)": {"dgmv": 2363822.919999999, "active_sellers": 119.0, "orders": 39484.0, "_prev": {"dgmv": 4205156.209999996, "active_sellers": 126.0, "orders": 58653.0}}, "全组": {"dgmv": 31062060.819999985, "active_sellers": 929.0, "orders": 254427.0, "_prev": {"dgmv": 29822800.379999988, "active_sellers": 949.0, "orders": 313265.0}}}, "this_bimonth": {"秋罗(胡春秋)": {"dgmv": 15080451.75, "active_sellers": 132.0, "orders": 43091.0, "_prev": {"dgmv": 14817263.040000016, "active_sellers": 135.0, "orders": 51673.0}}, "大门(朱锦程)": {"dgmv": 4423281.059999996, "active_sellers": 181.0, "orders": 66430.0, "_prev": {"dgmv": 7440454.679999999, "active_sellers": 173.0, "orders": 99148.0}}, "蕾塞(张嘉悦)": {"dgmv": 3392970.419999999, "active_sellers": 173.0, "orders": 32090.0, "_prev": {"dgmv": 4498045.409999999, "active_sellers": 176.0, "orders": 43901.0}}, "莱拉(付艺迪)": {"dgmv": 3114085.769999996, "active_sellers": 193.0, "orders": 30970.0, "_prev": {"dgmv": 3700661.659999996, "active_sellers": 191.0, "orders": 38671.0}}, "诺亚(单恩浩)": {"dgmv": 2687448.8999999994, "active_sellers": 131.0, "orders": 42362.0, "_prev": {"dgmv": 3570013.509999999, "active_sellers": 132.0, "orders": 48192.0}}, "路歌(李红红)": {"dgmv": 2363822.919999999, "active_sellers": 119.0, "orders": 39484.0, "_prev": {"dgmv": 3651241.9999999907, "active_sellers": 111.0, "orders": 61539.0}}, "全组": {"dgmv": 31062060.819999985, "active_sellers": 929.0, "orders": 254427.0, "_prev": {"dgmv": 37677680.3, "active_sellers": 918.0, "orders": 343124.0}}}, "last_bimonth": {"秋罗(胡春秋)": {"dgmv": 26190178.77999999, "active_sellers": 155.0, "orders": 109548.0, "_prev": {"dgmv": 29648313.37999999, "active_sellers": 108.0, "orders": 125057.0}}, "大门(朱锦程)": {"dgmv": 14071230.250000006, "active_sellers": 196.0, "orders": 200948.0, "_prev": {"dgmv": 9129820.119999994, "active_sellers": 160.0, "orders": 135033.0}}, "蕾塞(张嘉悦)": {"dgmv": 10455084.239999996, "active_sellers": 203.0, "orders": 87617.0, "_prev": {"dgmv": 11816100.100000007, "active_sellers": 185.0, "orders": 109051.0}}, "路歌(李红红)": {"dgmv": 9260460.459999995, "active_sellers": 141.0, "orders": 141472.0, "_prev": {"dgmv": 5938487.640000004, "active_sellers": 105.0, "orders": 71710.0}}, "莱拉(付艺迪)": {"dgmv": 7645328.939999997, "active_sellers": 223.0, "orders": 85638.0, "_prev": {"dgmv": 9282205.310000002, "active_sellers": 181.0, "orders": 94532.0}}, "诺亚(单恩浩)": {"dgmv": 7306129.349999997, "active_sellers": 148.0, "orders": 101708.0, "_prev": {"dgmv": 9167111.850000001, "active_sellers": 98.0, "orders": 132498.0}}, "全组": {"dgmv": 74928412.01999997, "active_sellers": 1066.0,