{"yesterday": {"诺亚(单恩浩)": {"dgmv": 177186.97999999995, "active_sellers": 64.0, "orders": 2584.0}, "秋罗(胡春秋)": {"dgmv": 170140.61999999997, "active_sellers": 59.0, "orders": 1267.0}, "莱拉(付艺迪)": {"dgmv": 166752.00999999995, "active_sellers": 80.0, "orders": 1908.0}, "蕾塞(张嘉悦)": {"dgmv": 111088.30999999998, "active_sellers": 66.0, "orders": 1314.0}, "大门(朱锦程)": {"dgmv": 101000.03000000003, "active_sellers": 75.0, "orders": 1950.0}, "路歌(李红红)": {"dgmv": 86253.39999999998, "active_sellers": 51.0, "orders": 1571.0}, "全组": {"dgmv": 812421.3499999999, "active_sellers": 395.0, "orders": 10594.0}}, "last_7d": {"秋罗(胡春秋)": {"dgmv": 3020562.3699999987, "active_sellers": 102.0, "orders": 9004.0}, "莱拉(付艺迪)": {"dgmv": 1241422.9199999988, "active_sellers": 142.0, "orders": 11575.0}, "大门(朱锦程)": {"dgmv": 1176569.7100000002, "active_sellers": 139.0, "orders": 20432.0}, "诺亚(单恩浩)": {"dgmv": 975414.7699999999, "active_sellers": 108.0, "orders": 17699.0}, "蕾塞(张嘉悦)": {"dgmv": 913839.8800000005, "active_sellers": 130.0, "orders": 10819.0}, "路歌(李红红)": {"dgmv": 855949.5499999998, "active_sellers": 88.0, "orders": 14990.0}, "全组": {"dgmv": 8183759.199999997, "active_sellers": 709.0, "orders": 84519.0}}, "last_14d": {"秋罗(胡春秋)": {"dgmv": 9626326.599999998, "active_sellers": 120.0, "orders": 18472.0}, "大门(朱锦程)": {"dgmv": 1927562.4799999993, "active_sellers": 159.0, "orders": 32055.0}, "莱拉(付艺迪)": {"dgmv": 1550243.6499999992, "active_sellers": 171.0, "orders": 16478.0}, "诺亚(单恩浩)": {"dgmv": 1371405.93, "active_sellers": 121.0, "orders": 23641.0}, "路歌(李红红)": {"dgmv": 1320433.4499999997, "active_sellers": 103.0, "orders": 23185.0}, "蕾塞(张嘉悦)": {"dgmv": 1243241.53, "active_sellers": 146.0, "orders": 16004.0}, "全组": {"dgmv": 17039213.639999993, "active_sellers": 820.0, "orders": 129835.0}}, "last_30d": {"秋罗(胡春秋)": {"dgmv": 16170387.629999988, "active_sellers": 138.0, "orders": 51203.0}, "大门(朱锦程)": {"dgmv": 5170989.550000003, "active_sellers": 178.0, "orders": 83265.0}, "路歌(李红红)": {"dgmv": 4972856.629999996, "active_sellers": 126.0, "orders": 75941.0}, "蕾塞(张嘉悦)": {"dgmv": 4773615.680000002, "active_sellers": 172.0, "orders": 35942.0}, "莱拉(付艺迪)": {"dgmv": 3147301.329999995, "active_sellers": 198.0, "orders": 38213.0}, "诺亚(单恩浩)": {"dgmv": 3034309.079999995, "active_sellers": 134.0, "orders": 50386.0}, "全组": {"dgmv": 37269459.89999998, "active_sellers": 946.0, "orders": 334950.0}}, "this_month": {"秋罗(胡春秋)": {"dgmv": 10146020.889999999, "active_sellers": 121.0, "orders": 22646.0}, "大门(朱锦程)": {"dgmv": 2017861.0699999991, "active_sellers": 164.0, "orders": 33930.0}, "莱拉(付艺迪)": {"dgmv": 1645751.4399999983, "active_sellers": 175.0, "orders": 17718.0}, "诺亚(单恩浩)": {"dgmv": 1525003.0699999994, "active_sellers": 124.0, "orders": 25729.0}, "路歌(李红红)": {"dgmv": 1472873.6799999995, "active_sellers": 109.0, "orders": 25301.0}, "蕾塞(张嘉悦)": {"dgmv": 1315052.1799999995, "active_sellers": 153.0, "orders": 16994.0}, "全组": {"dgmv": 18122562.329999994, "active_sellers": 846.0, "orders": 142318.0}}, "this_bimonth": {"秋罗(胡春秋)": {"dgmv": 10146020.889999999, "active_sellers": 121.0, "orders": 22646.0}, "大门(朱锦程)": {"dgmv": 2017861.0699999991, "active_sellers": 164.0, "orders": 33930.0}, "莱拉(付艺迪)": {"dgmv": 1645751.4399999983, "active_sellers": 175.0, "orders": 17718.0}, "诺亚(单恩浩)": {"dgmv": 1525003.0699999994, "active_sellers": 124.0, "orders": 25729.0}, "路歌(李红红)": {"dgmv": 1472873.6799999995, "active_sellers": 109.0, "orders": 25301.0}, "蕾塞(张嘉悦)": {"dgmv": 1315052.1799999995, "active_sellers": 153.0, "orders": 16994.0}, "全组": {"dgmv": 18122562.329999994, "active_sellers": 846.0, "orders": 142318.0}}, "last_bimonth": {"秋罗(胡春秋)": {"dgmv": 26190178.78000001, "active_sellers": 155.0, "orders": 109548.0}, "大门(朱锦程)": {"dgmv": 14071230.250000017, "active_sellers": 196.0, "orders": 200948.0}, "蕾塞(张嘉悦)": {"dgmv": 10455084.239999995, "active_sellers": 203.0, "orders": 87617.0}, "路歌(李红红)": {"dgmv": 8988133.21000001, "active_sellers": 140.0, "orders": 138400.0}, "莱拉(付艺迪)": {"dgmv": 7645328.940000005, "active_sellers": 223.0, "orders": 85638.0}, "诺亚(单恩浩)": {"dgmv": 7306129.349999999, "active_sellers": 148.0, "orders": 101708.0}, "全组": {"dgmv": 74656084.77000003, "active_sellers": 1065.0, "orders": 723859.0}}, "yoy_bimonth": {"秋罗(胡春秋)": {"dgmv": 29648313.380000025, "active_sellers": 108.0, "orders": 125057.0}, "蕾塞(张嘉悦)": {"dgmv": 11813108.530000009, "active_sellers": 184.0, "orders": 108855.0}, "莱拉(付艺迪)": {"dgmv": 9282205.310000006, "active_sellers": 181.0, "orders": 94532.0}, "诺亚(单恩浩)": {"dgmv": 9167111.849999996, "active_sellers": 98.0, "orders": 132498.0}, "大门(朱锦程)": {"dgmv": 9129820.120000003, "active_sellers": 160.0, "orders": 135033.0}, "路歌(李红红)": {"dgmv": 5938487.640000004, "active_sellers": 105.0, "orders": 71710.0}, "全组": {"dgmv": 74979046.83000004, "active_sellers": 836.0, "orders": 667685.0}}}