{"yesterday": {"秋罗(胡春秋)": {"duration_h": 658.7477777777777, "exposure_pv": 713086.0, "purchase_pv": 2213.0, "ctr": 0.0031034124916209265, "cvr": 0.02116385124285439, "dgmv": 353851.04000000004, "aov": 159.89653863533667, "exposure_per_hour": 1082.4871431149672}, "路歌(李红红)": {"duration_h": 651.3041666666667, "exposure_pv": 1836518.0, "purchase_pv": 7089.0, "ctr": 0.003860022063491891, "cvr": 0.02934997935207407, "dgmv": 441993.7800000003, "aov": 62.34924248836229, "exposure_per_hour": 2819.7547228957283}, "大门(朱锦程)": {"duration_h": 571.9394444444445, "exposure_pv": 591691.0, "purchase_pv": 3970.0, "ctr": 0.0067095832115073575, "cvr": 0.021792832413212313, "dgmv": 143795.68999999983, "aov": 36.22057682619643, "exposure_per_hour": 1034.5343475562195}, "莱拉(付艺迪)": {"duration_h": 503.9627777777778, "exposure_pv": 307287.0, "purchase_pv": 1305.0, "ctr": 0.004246844155463785, "cvr": 0.013712674612328592, "dgmv": 85492.01, "aov": 65.51111877394635, "exposure_per_hour": 609.7414601827957}, "蕾塞(张嘉悦)": {"duration_h": 442.055, "exposure_pv": 428767.0, "purchase_pv": 1125.0, "ctr": 0.0026238026713809597, "cvr": 0.0164693270964284, "dgmv": 135591.97999999998, "aov": 120.52620444444443, "exposure_per_hour": 969.9403920326656}, "诺亚(单恩浩)": {"duration_h": 416.0886111111111, "exposure_pv": 431772.0, "purchase_pv": 2166.0, "ctr": 0.005016536505377838, "cvr": 0.026607349832958344, "dgmv": 132925.75000000003, "aov": 61.36922899353649, "exposure_per_hour": 1037.6924252913543}, "全组": {"duration_h": 3244.0977777777775, "exposure_pv": 4309121.0, "purchase_pv": 17868.0, "dgmv": 1293650.25, "exposure_per_hour": 1328.2956603582302, "ctr": 0.004146553322591777, "aov": 72.40039456010746, "cvr": 0.0242860605393326}}, "last_7d": {}, "last_14d": {}, "last_30d": {"大门(朱锦程)": {"duration_h": 21582.741944444446, "exposure_pv": 23948455.0, "purchase_pv": 173860.0, "ctr": 0.007259758510517693, "cvr": 0.023483653085159675, "dgmv": 6063780.640000005, "aov": 34.87737627976536, "exposure_per_hour": 1109.6113302769904}, "秋罗(胡春秋)": {"duration_h": 20526.62361111111, "exposure_pv": 35518491.0, "purchase_pv": 116683.0, "ctr": 0.0032851339320693553, "cvr": 0.027560530025551314, "dgmv": 26756345.899999984, "aov": 229.30800459364247, "exposure_per_hour": 1730.3620738080742}, "路歌(李红红)": {"duration_h": 19941.59611111111, "exposure_pv": 43348138.0, "purchase_pv": 193199.0, "ctr": 0.004456915773406461, "cvr": 0.02595519855225013, "dgmv": 11346491.760000002, "aov": 58.72955739936543, "exposure_per_hour": 2173.75468635869}, "莱拉(付艺迪)": {"duration_h": 17214.658333333333, "exposure_pv": 10563666.0, "purchase_pv": 57646.0, "ctr": 0.005457007065539558, "cvr": 0.022400801893444216, "dgmv": 3317272.1799999992, "aov": 57.54557436769245, "exposure_per_hour": 613.6436631765855}, "蕾塞(张嘉悦)": {"duration_h": 11556.077222222222, "exposure_pv": 13916255.0, "purchase_pv": 45915.0, "ctr": 0.0032993790355235657, "cvr": 0.021907965174666148, "dgmv": 5596070.390000001, "aov": 121.87891516933465, "exposure_per_hour": 1204.236933726886}, "诺亚(单恩浩)": {"duration_h": 11373.066944444445, "exposure_pv": 20664610.0, "purchase_pv": 117141.0, "ctr": 0.0056686770280203694, "cvr": 0.03803412934492215, "dgmv": 6762131.230000009, "aov": 57.72642567504126, "exposure_per_hour": 1816.977786286075}, "全组": {"duration_h": 102194.76416666668, "exposure_pv": 147959615.0, "purchase_pv": 704444.0, "dgmv": 59842092.1, "exposure_per_hour": 1447.8199172581549, "ctr": 0.004761055913804588, "aov": 84.94939569362505, "cvr": 0.026993088920326862}}, "this_month": {"大门(朱锦程)": {"duration_h": 10196.478611111112, "exposure_pv": 11335766.0, "purchase_pv": 87902.0, "ctr": 0.007754394365585881, "cvr": 0.025738300446479095, "dgmv": 2858250.6100000017, "aov": 32.51633193783989, "exposure_per_hour": 1111.7334162450363}, "秋罗(胡春秋)": {"duration_h": 10017.589166666667, "exposure_pv": 17042697.0, "purchase_pv": 61491.0, "ctr": 0.0036080556968184083, "cvr": 0.027390506631725407, "dgmv": 11007296.990000002, "aov": 179.00663495470886, "exposure_per_hour": 1701.2772950111832}, "路歌(李红红)": {"duration_h": 9762.409444444444, "exposure_pv": 21735892.0, "purchase_pv": 91974.0, "ctr": 0.004231434348311999, "cvr": 0.026526348609739406, "dgmv": 5334441.980000004, "aov": 57.99945615065132, "exposure_per_hour": 2226.488463088319}, "莱拉(付艺迪)": {"duration_h": 8291.250555555556, "exposure_pv": 5395081.0, "purchase_pv": 28878.0, "ctr": 0.005352653648758934, "cvr": 0.020919202657113677, "dgmv": 1653126.6599999995, "aov": 57.24519218782462, "exposure_per_hour": 650.6956898540502}, "诺亚(单恩浩)": {"duration_h": 5780.6866666666665, "exposure_pv": 9878398.0, "purchase_pv": 58082.0, "ctr": 0.005879698307357124, "cvr": 0.03567029990982069, "dgmv": 3536969.6700000037, "aov": 60.89614114527743, "exposure_per_hour": 1708.86238428422}, "蕾塞(张嘉悦)": {"duration_h": 5690.682222222223, "exposure_pv": 5982559.0, "purchase_pv": 18428.0, "ctr": 0.0030802872148858037, "cvr": 0.02072394139092274, "dgmv": 2472279.870000002, "aov": 134.15888159322782, "exposure_per_hour": 1051.2902963792274}, "全组": {"duration_h": 49739.09666666667, "exposure_pv": 71370393.0, "purchase_pv": 346755.0, "dgmv": 26862365.780000012, "exposure_per_hour": 1434.8952390168724, "ctr": 0.0048585272607368155, "aov": 77.46785419099945, "cvr": 0.026962913304939613}}, "this_bimonth": {"大门(朱锦程)": {"duration_h": 10196.478611111112, "exposure_pv": 11335766.0, "purchase_pv": 87902.0, "ctr": 0.007754394365585881, "cvr": 0.025738300446479095, "dgmv": 2858250.6100000017, "aov": 32.51633193783989, "exposure_per_hour": 1111.7334162450363}, "秋罗(胡春秋)": {"duration_h": 10017.589166666667, "exposure_pv": 17042697.0, "purchase_pv": 61491.0, "ctr": 0.0036080556968184083, "cvr": 0.027390506631725407, "dgmv": 11007296.990000002, "aov": 179.00663495470886, "exposure_per_hour": 1701.2772950111832}, "路歌(李红红)": {"duration_h": 9762.409444444444, "exposure_pv": 21735892.0, "purchase_pv": 91974.0, "ctr": 0.004231434348311999, "cvr": 0.026526348609739406, "dgmv": 5334441.980000004, "aov": 57.99945615065132, "exposure_per_hour": 2226.488463088319}, "莱拉(付艺迪)": {"duration_h": 8291.250555555556, "exposure_pv": 5395081.0, "purchase_pv": 28878.0, "ctr": 0.005352653648758934, "cvr": 0.020919202657113677, "dgmv": 1653126.6599999995, "aov": 57.24519218782462, "exposure_per_hour": 650.6956898540502}, "诺亚(单恩浩)": {"duration_h": 5780.6866666666665, "exposure_pv": 9878398.0, "purchase_pv": 58082.0, "ctr": 0.005879698307357124, "cvr": 0.03567029990982069, "dgmv": 3536969.6700000037, "aov": 60.89614114527743, "exposure_per_hour": 1708.86238428422}, "蕾塞(张嘉悦)": {"duration_h": 5690.682222222223, "exposure_pv": 5982559.0, "purchase_pv": 18428.0, "ctr": 0.0030802872148858037, "cvr": 0.02072394139092274, "dgmv": 2472279.870000002, "aov": 134.15888159322782, "exposure_per_hour": 1051.2902963792274}, "全组": {"duration_h": 49739.09666666667, "exposure_pv": 71370393.0, "purchase_pv": 346755.0, "dgmv": 26862365.780000012, "exposure_per_hour": 1434.8952390168724, "ctr": 0.0048585272607368155, "aov": 77.46785419099945, "cvr": 0.026962913304939613}}, "last_bimonth": {"大门(朱锦程)": {"duration_h": 44455.91222222222, "exposure_pv": 63200487.0, "purchase_pv": 464668.0, "ctr": 0.007352285117676388, "cvr": 0.020935536440900477, "dgmv": 15042553.840000004, "aov": 32.3726915561218, "exposure_per_hour": 1421.6441377713516}, "秋罗(胡春秋)": {"duration_h": 41465.688888888886, "exposure_pv": 76187538.0, "purchase_pv": 258239.0, "ctr": 0.0033895175875088652, "cvr": 0.027264517136206232, "dgmv": 52077989.339999974, "aov": 201.6658573646892, "exposure_per_hour": 1837.3633729841433}, "路歌(李红红)": {"duration_h": 39822.71166666667, "exposure_pv": 93981781.0, "purchase_pv": 433426.0, "ctr": 0.004611808750464093, "cvr": 0.02403397683369853, "dgmv": 25712480.389999993, "aov": 59.32380703972534, "exposure_per_hour": 2360.0045568636356}, "莱拉(付艺迪)": {"duration_h": 33810.28638888889, "exposure_pv": 23969187.0, "purchase_pv": 132152.0, "ctr": 0.0055134118649915, "cvr": 0.024933567874776654, "dgmv": 8111055.709999999, "aov": 61.376715524547485,