{"new_30d": {"count": {"大门(朱锦程)": 9, "诺亚(单恩浩)": 8, "蕾塞(张嘉悦)": 8, "路歌(李红红)": 6, "莱拉(付艺迪)": 4, "秋罗(胡春秋)": 1, "全组": 36}, "dgmv": null}, "new2026_active": {"count": {"大门(朱锦程)": 49, "秋罗(胡春秋)": 43, "路歌(李红红)": 36, "莱拉(付艺迪)": 27, "蕾塞(张嘉悦)": 26, "诺亚(单恩浩)": 20, "全组": 201}, "dgmv": {"大门(朱锦程)": 580472.9899999994, "秋罗(胡春秋)": 2303094.4399999995, "路歌(李红红)": 819307.5099999997, "莱拉(付艺迪)": 321209.02999999985, "蕾塞(张嘉悦)": 348002.5400000008, "诺亚(单恩浩)": 213901.43000000005, "全组": 4585987.939999999}}}