{"new_30d": {"count": {"大门(朱锦程)": 11, "路歌(李红红)": 8, "诺亚(单恩浩)": 5, "蕾塞(张嘉悦)": 5, "莱拉(付艺迪)": 4, "全组": 33}, "dgmv": null}, "new2026_active": {"count": {"大门(朱锦程)": 60, "秋罗(胡春秋)": 49, "路歌(李红红)": 40, "莱拉(付艺迪)": 33, "蕾塞(张嘉悦)": 31, "诺亚(单恩浩)": 24, "全组": 237}, "dgmv": {"大门(朱锦程)": 1257612.9100000004, "秋罗(胡春秋)": 4569337.910000004, "路歌(李红红)": 1098029.7099999995, "莱拉(付艺迪)": 488784.8099999998, "蕾塞(张嘉悦)": 1040925.4000000008, "诺亚(单恩浩)": 268504.88, "全组": 8723195.620000005}}}