{"yesterday": {"ctr": 0.10735731810979639, "cvr": 0.049088470480797716, "total_dgmv": 83806121.17}, "last_7d": {"ctr": 0.18081769628098612, "cvr": 0.04894566525279948, "total_dgmv": 613435215.6}, "last_14d": {"ctr": 0.22639457113363737, "cvr": 0.04916952199093058, "total_dgmv": 1225252129.58}, "last_30d": {"ctr": 0.28509831114920575, "cvr": 0.048789962790011694, "total_dgmv": 2579575343.44}, "this_month": {"ctr": 0.2808769711223973, "cvr": 0.049024356475843404, "total_dgmv": 2434618596.43}, "this_bimonth": {"ctr": 0.2808769711223973, "cvr": 0.049024356475843404, "total_dgmv": 2434618596.43}, "last_bimonth": {"ctr": 0.3463505639517094, "cvr": 0.04957849648118622, "total_dgmv": 5234728684.22}, "yoy_bimonth": {"ctr": 0.30870949414132703, "cvr": 0.043960373301853914, "total_dgmv": 4441177223.18}}