{"yesterday": {"cvr": 0.049905419033211273, "total_dgmv": 85172545.97000125}, "last_7d": {"cvr": 0.050308703757759386, "total_dgmv": 629446033.7800224}, "last_14d": {"cvr": 0.0492361987003429, "total_dgmv": 1218397555.5101252}, "last_30d": {"cvr": 0.0482827837605735, "total_dgmv": 2560646608.5496645}, "this_month": {"cvr": 0.04894525588756621, "total_dgmv": 1294539012.8201358}, "this_bimonth": {"cvr": 0.04894525588756621, "total_dgmv": 1294539012.8201358}, "last_bimonth": {"cvr": 0.04957849648118622, "total_dgmv": 5234728684.217841}}