{"yesterday": {"诺亚(单恩浩)": {"ctr": 0.11606256439074647, "cvr": 0.0841810720059694, "_prev": {"ctr": 0.11539133168022911, "cvr": 0.08286936173646413}}, "莱拉(付艺迪)": {"ctr": 0.10855572564135667, "cvr": 0.08045449328589464, "_prev": {"ctr": 0.12073398372838376, "cvr": 0.08805608574364998}}, "大门(朱锦程)": {"ctr": 0.09112538662859862, "cvr": 0.07239275764587577, "_prev": {"ctr": 0.09357650196954188, "cvr": 0.07292290202667015}}, "秋罗(胡春秋)": {"ctr": 0.10550226333077313, "cvr": 0.06960883615492211, "_prev": {"ctr": 0.10390635674920673, "cvr": 0.06805827739401087}}, "路歌(李红红)": {"ctr": 0.07433965241749355, "cvr": 0.06296687013311707, "_prev": {"ctr": 0.07777936933434283, "cvr": 0.06501879722266443}}, "蕾塞(张嘉悦)": {"ctr": 0.06958935391157132, "cvr": 0.05100145064006312, "_prev": {"ctr": 0.07569045665846322, "cvr": 0.05460663130593266}}}, "last_7d": {"莱拉(付艺迪)": {"ctr": 0.12878749457621197, "cvr": 0.08856406779661016, "_prev": {"ctr": 0.1282958888355453, "cvr": 0.0883918040909757}}, "诺亚(单恩浩)": {"ctr": 0.12845694899391671, "cvr": 0.08487403476759266, "_prev": {"ctr": 0.13196159281301595, "cvr": 0.08842087852532746}}, "大门(朱锦程)": {"ctr": 0.10149894532009117, "cvr": 0.0711995864274658, "_prev": {"ctr": 0.10852370771373795, "cvr": 0.07529437242004848}}, "秋罗(胡春秋)": {"ctr": 0.11729629102054649, "cvr": 0.06848890908381468, "_prev": {"ctr": 0.10988669718796645, "cvr": 0.06536312181598748}}, "路歌(李红红)": {"ctr": 0.09009538045412485, "cvr": 0.06606072929752677, "_prev": {"ctr": 0.10000475533786675, "cvr": 0.07827344190256091}}, "蕾塞(张嘉悦)": {"ctr": 0.08194637795531595, "cvr": 0.05409457468002074, "_prev": {"ctr": 0.08284707733351575, "cvr": 0.05541269393953627}}}, "last_14d": {"莱拉(付艺迪)": {"ctr": 0.13398602697658488, "cvr": 0.08847640348081176, "_prev": {"ctr": 0.13341491092894373, "cvr": 0.08502441374422248}}, "诺亚(单恩浩)": {"ctr": 0.13582691377178363, "cvr": 0.08664150718395591, "_prev": {"ctr": 0.1290397520134909, "cvr": 0.08291488634283001}}, "大门(朱锦程)": {"ctr": 0.11048697609134515, "cvr": 0.07320567449494804, "_prev": {"ctr": 0.10861159878532727, "cvr": 0.07093440257580638}}, "路歌(李红红)": {"ctr": 0.10073785701080312, "cvr": 0.07210136817758858, "_prev": {"ctr": 0.10027127231330157, "cvr": 0.07503916566514168}}, "秋罗(胡春秋)": {"ctr": 0.12103303184531246, "cvr": 0.06696772409372626, "_prev": {"ctr": 0.11761389377050487, "cvr": 0.06559590972776896}}, "蕾塞(张嘉悦)": {"ctr": 0.08640626867028053, "cvr": 0.0547084041149323, "_prev": {"ctr": 0.08506932148592801, "cvr": 0.05525157527190999}}}, "last_30d": {"莱拉(付艺迪)": {"ctr": 0.1404037106558938, "cvr": 0.08589819745966812, "_prev": {"ctr": 0.1428033016132883, "cvr": 0.08849278013315869}}, "诺亚(单恩浩)": {"ctr": 0.13784259385635636, "cvr": 0.0841158852120522, "_prev": {"ctr": 0.1415624678110627, "cvr": 0.0855650278712761}}, "路歌(李红红)": {"ctr": 0.10766665225972828, "cvr": 0.0729793224761084, "_prev": {"ctr": 0.1021213234340471, "cvr": 0.08674196763270038}}, "大门(朱锦程)": {"ctr": 0.1170176222046649, "cvr": 0.07170994192910705, "_prev": {"ctr": 0.11708632666691529, "cvr": 0.07089411643536328}}, "秋罗(胡春秋)": {"ctr": 0.12766924583655814, "cvr": 0.06587625287135587, "_prev": {"ctr": 0.1274615498204598, "cvr": 0.06685331200553699}}, "蕾塞(张嘉悦)": {"ctr": 0.09051498678643316, "cvr": 0.05483804707623121, "_prev": {"ctr": 0.08910665709750337, "cvr": 0.05468882836600355}}}, "this_month": {"莱拉(付艺迪)": {"ctr": 0.14055212503838607, "cvr": 0.08660424187358898, "_prev": {"ctr": 0.14149742839631185, "cvr": 0.08815138039555062}}, "诺亚(单恩浩)": {"ctr": 0.13840389659048333, "cvr": 0.0847045457607934, "_prev": {"ctr": 0.14105742897163046, "cvr": 0.08574730824614325}}, "路歌(李红红)": {"ctr": 0.10769391261259205, "cvr": 0.07352406636855252, "_prev": {"ctr": 0.10127336733417841, "cvr": 0.08643336398988581}}, "大门(朱锦程)": {"ctr": 0.11679014407501735, "cvr": 0.07208655081553314, "_prev": {"ctr": 0.11590289391668039, "cvr": 0.07070638741016513}}, "秋罗(胡春秋)": {"ctr": 0.1276949455214556, "cvr": 0.06625776625028447, "_prev": {"ctr": 0.1269735571467496, "cvr": 0.06693829793781973}}, "蕾塞(张嘉悦)": {"ctr": 0.09046711272976926, "cvr": 0.054963511516866286, "_prev": {"ctr": 0.08874601671458375, "cvr": 0.054726891144498586}}}, "this_bimonth": {"莱拉(付艺迪)": {"ctr": 0.14055212503838607, "cvr": 0.08660424187358898, "_prev": {"ctr": 0.1376888640033741, "cvr": 0.08763121392185011}}, "诺亚(单恩浩)": {"ctr": 0.13840389659048333, "cvr": 0.0847045457607934, "_prev": {"ctr": 0.13640497818303227, "cvr": 0.08270796211434452}}, "路歌(李红红)": {"ctr": 0.10769391261259205, "cvr": 0.07352406636855252, "_prev": {"ctr": 0.10809058616024683, "cvr": 0.10031555969144326}}, "大门(朱锦程)": {"ctr": 0.11679014407501735, "cvr": 0.07208655081553314, "_prev": {"ctr": 0.12337074687562302, "cvr": 0.07545617409022745}}, "秋罗(胡春秋)": {"ctr": 0.1276949455214556, "cvr": 0.06625776625028447, "_prev": {"ctr": 0.1393390261326233, "cvr": 0.0714460474178894}}, "蕾塞(张嘉悦)": {"ctr": 0.09046711272976926, "cvr": 0.054963511516866286, "_prev": {"ctr": 0.10198333865979665, "cvr": 0.06331676675080018}}}, "last_bimonth": {"路歌(李红红)": {"ctr": 0.11459431494085415, "cvr": 0.09340852798878761, "_prev": {"ctr": 0.12593630429041625, "cvr": 0.10658751102054065}}, "莱拉(付艺迪)": {"ctr": 0.14875302744543217, "cvr": 0.08775241816134023, "_prev": {"ctr": 0.15266494635661493, "cvr": 0.08055469013073892}}, "诺亚(单恩浩)": {"ctr": 0.14700309521465701, "cvr": 0.08393966724859239, "_prev": {"ctr": 0.15873506146138303, "cvr": 0.08303317460673802}}, "大门(朱锦程)": {"ctr": 0.13031338645795434, "cvr": 0.07289223386471269, "_prev": {"ctr": 0.13313860501990152, "cvr": 0.07066034814203805}}, "秋罗(胡春秋)": {"ctr": 0.14461326462419757, "cvr": 0.06910988337120413, "_prev": {"ctr": 0.146692853735866, "cvr": 0.06538431975199809}}, "蕾塞(张嘉悦)": {"ctr": 0.10242634439615482, "cvr": 0.059278613482329524, "_prev": {"ctr": 0.11828214665023702, "cvr": 0.05966941357480431}}}, "yoy_bimonth": {"路歌(李红红)": {"ctr": 0.12593630429041625, "cvr": 0.10658751102054065}, "诺亚(单恩浩)": {"ctr": 0.15873506146138303, "cvr": 0.08303317460673802}, "莱拉(付艺迪)": {"ctr": 0.15266494635661493, "cvr": 0.08055469013073892}, "大门(朱锦程)": {"ctr": 0.13313860501990152, "cvr": 0.07066034814203805}, "秋罗(胡春秋)": {"ctr": 0.146692853735866, "cvr": 0.06538431975199809}, "蕾塞(张嘉悦)": {"ctr": 0.11828214665023702, "cvr": 0.05966941357480431}}}