{"yesterday": {"莱拉(付艺迪)": {"ctr": 0.11908244787731678, "cvr": 0.08889844218433586, "_prev": {"ctr": 0.11722519022179051, "cvr": 0.08691038002122518}}, "诺亚(单恩浩)": {"ctr": 0.12238342914499498, "cvr": 0.088659793814433, "_prev": {"ctr": 0.12148297696613747, "cvr": 0.08765838426947328}}, "路歌(李红红)": {"ctr": 0.09236203090507726, "cvr": 0.08128970163618865, "_prev": {"ctr": 0.08957909955817081, "cvr": 0.07894580813470888}}, "大门(朱锦程)": {"ctr": 0.1057239593706433, "cvr": 0.07926668629608394, "_prev": {"ctr": 0.10182726974762372, "cvr": 0.07689249153090491}}, "秋罗(胡春秋)": {"ctr": 0.09695560887822435, "cvr": 0.06507072905331883, "_prev": {"ctr": 0.0980935461632285, "cvr": 0.06470164786153582}}, "蕾塞(张嘉悦)": {"ctr": 0.07582938388625593, "cvr": 0.05523121508673191, "_prev": {"ctr": 0.07668029695502004, "cvr": 0.05639676061888961}}}, "last_7d": {"莱拉(付艺迪)": {"ctr": 0.12902299212598425, "cvr": 0.08864066751549543, "_prev": {"ctr": 0.13026189466163568, "cvr": 0.08531782315227508}}, "诺亚(单恩浩)": {"ctr": 0.12777168564600028, "cvr": 0.08528667626133987, "_prev": {"ctr": 0.12723265792919275, "cvr": 0.08459731695905334}}, "路歌(李红红)": {"ctr": 0.09854117663880806, "cvr": 0.07752393837015313, "_prev": {"ctr": 0.09546324397154764, "cvr": 0.07818656749457653}}, "大门(朱锦程)": {"ctr": 0.1086911330917741, "cvr": 0.07483699282400741, "_prev": {"ctr": 0.10711502134332608, "cvr": 0.07290985038961519}}, "秋罗(胡春秋)": {"ctr": 0.11311519099068702, "cvr": 0.06768158212989969, "_prev": {"ctr": 0.11412008134642979, "cvr": 0.06698917659137106}}, "蕾塞(张嘉悦)": {"ctr": 0.08397123483604386, "cvr": 0.05608835469598139, "_prev": {"ctr": 0.08130970070048822, "cvr": 0.055298514191822544}}}, "last_14d": {"莱拉(付艺迪)": {"ctr": 0.1354858651298324, "cvr": 0.08683927443184593, "_prev": {"ctr": 0.12994367882783425, "cvr": 0.08404461638399044}}, "诺亚(单恩浩)": {"ctr": 0.13285881895065182, "cvr": 0.08492780871508962, "_prev": {"ctr": 0.1287582190940292, "cvr": 0.08259717078640544}}, "路歌(李红红)": {"ctr": 0.10312053050303494, "cvr": 0.07784601229751612, "_prev": {"ctr": 0.09542991112604392, "cvr": 0.07369008131845699}}, "大门(朱锦程)": {"ctr": 0.1136020316570703, "cvr": 0.07387582273027808, "_prev": {"ctr": 0.10176508528965991, "cvr": 0.06604594724061176}}, "秋罗(胡春秋)": {"ctr": 0.12063962200067928, "cvr": 0.06731442826998195, "_prev": {"ctr": 0.11119455272499236, "cvr": 0.06335564265832133}}, "蕾塞(张嘉悦)": {"ctr": 0.08673637964526261, "cvr": 0.05570387248623936, "_prev": {"ctr": 0.08247288796864168, "cvr": 0.053633718926222616}}}, "last_30d": {"莱拉(付艺迪)": {"ctr": 0.14089130558058358, "cvr": 0.08588243982725392, "_prev": {"ctr": 0.14264378121478016, "cvr": 0.0885228491870051}}, "诺亚(单恩浩)": {"ctr": 0.13815090619260018, "cvr": 0.08382544670877513, "_prev": {"ctr": 0.13932757719621078, "cvr": 0.08457662350746656}}, "路歌(李红红)": {"ctr": 0.10738848018204772, "cvr": 0.07672549682990734, "_prev": {"ctr": 0.10016965608168547, "cvr": 0.088081931645444}}, "大门(朱锦程)": {"ctr": 0.11586155620817376, "cvr": 0.06987927657312482, "_prev": {"ctr": 0.11893228662087299, "cvr": 0.07259800776025956}}, "秋罗(胡春秋)": {"ctr": 0.12549490405129704, "cvr": 0.0656890696803404, "_prev": {"ctr": 0.12930905682742272, "cvr": 0.06699389155639408}}, "蕾塞(张嘉悦)": {"ctr": 0.08981374948701414, "cvr": 0.054600500939545805, "_prev": {"ctr": 0.09112019895621216, "cvr": 0.05631847248160219}}}, "this_month": {"莱拉(付艺迪)": {"ctr": 0.1349697178692448, "cvr": 0.08513795178586137, "_prev": {"ctr": 0.1362928677380479, "cvr": 0.08778620844398248}}, "诺亚(单恩浩)": {"ctr": 0.13246643444532943, "cvr": 0.08371058068497854, "_prev": {"ctr": 0.13616385661535196, "cvr": 0.08595277413054302}}, "路歌(李红红)": {"ctr": 0.10410828436753405, "cvr": 0.07599551532175962, "_prev": {"ctr": 0.09518722624066432, "cvr": 0.09011409378634899}}, "大门(朱锦程)": {"ctr": 0.11250204885631827, "cvr": 0.07194368627846247, "_prev": {"ctr": 0.11322422106624688, "cvr": 0.07278547348608326}}, "秋罗(胡春秋)": {"ctr": 0.11976535258480366, "cvr": 0.06535224610524477, "_prev": {"ctr": 0.12210619694517452, "cvr": 0.0667313887374616}}, "蕾塞(张嘉悦)": {"ctr": 0.08709921282518959, "cvr": 0.05524717333812455, "_prev": {"ctr": 0.08583626094058379, "cvr": 0.05515055254442997}}}, "this_bimonth": {"莱拉(付艺迪)": {"ctr": 0.1349697178692448, "cvr": 0.08513795178586137, "_prev": {"ctr": 0.1315118015161758, "cvr": 0.08707377428081411}}, "诺亚(单恩浩)": {"ctr": 0.13246643444532943, "cvr": 0.08371058068497854, "_prev": {"ctr": 0.1326478121550514, "cvr": 0.08321871061433998}}, "路歌(李红红)": {"ctr": 0.10410828436753405, "cvr": 0.07599551532175962, "_prev": {"ctr": 0.10769893430733735, "cvr": 0.1077300457107765}}, "大门(朱锦程)": {"ctr": 0.11250204885631827, "cvr": 0.07194368627846247, "_prev": {"ctr": 0.12064930206976493, "cvr": 0.07699907502982693}}, "秋罗(胡春秋)": {"ctr": 0.11976535258480366, "cvr": 0.06535224610524477, "_prev": {"ctr": 0.13664908858029323, "cvr": 0.07320670819939402}}, "蕾塞(张嘉悦)": {"ctr": 0.08709921282518959, "cvr": 0.05524717333812455, "_prev": {"ctr": 0.10125827530130477, "cvr": 0.06536150165247194}}}, "last_bimonth": {"路歌(李红红)": {"ctr": 0.11459431494085415, "cvr": 0.09340852798878761, "_prev": {"ctr": 0.12593630429041625, "cvr": 0.10658751102054065}}, "莱拉(付艺迪)": {"ctr": 0.14875302744543217, "cvr": 0.08775241816134023, "_prev": {"ctr": 0.15266494635661493, "cvr": 0.08055469013073892}}, "诺亚(单恩浩)": {"ctr": 0.14700309521465701, "cvr": 0.08393966724859239, "_prev": {"ctr": 0.15873506146138303, "cvr": 0.08303317460673802}}, "大门(朱锦程)": {"ctr": 0.13031338645795434, "cvr": 0.07289223386471269, "_prev": {"ctr": 0.13313860501990152, "cvr": 0.07066034814203805}}, "秋罗(胡春秋)": {"ctr": 0.14461326462419757, "cvr": 0.06910988337120413, "_prev": {"ctr": 0.146692853735866, "cvr": 0.06538431975199809}}, "蕾塞(张嘉悦)": {"ctr": 0.10242634439615482, "cvr": 0.059278613482329524, "_prev": {"ctr": 0.11828214665023702, "cvr": 0.05966941357480431}}}, "yoy_bimonth": {"路歌(李红红)": {"ctr": 0.12593630429041625, "cvr": 0.10658751102054065}, "诺亚(单恩浩)": {"ctr": 0.15873506146138303, "cvr": 0.08303317460673802}, "莱拉(付艺迪)": {"ctr": 0.15266494635661493, "cvr": 0.08055469013073892}, "大门(朱锦程)": {"ctr": 0.13313860501990152, "cvr": 0.07066034814203805}, "秋罗(胡春秋)": {"ctr": 0.146692853735866, "cvr": 0.06538431975199809}, "蕾塞(张嘉悦)": {"ctr": 0.11828214665023702, "cvr": 0.05966941357480431}}}